iteration,seed,time_ms,algorithmEI,op1,op2,op3,op4,nodesExpanded,validInicial,validFinal,heurFunction,heurIni,heurFi,costIni,costFi,dailyProfitIni,dailyProfitFi,profitIni,profitFi,AssignedPetitionsIni,AssignedPetitionsFi,trucksUsedIni,trucksUsedFi,totalKmIni,totalKmFi
0,1234,2863,Sin_Assignacion,true,true,true,true,73,true,true,Avanzada,-109920.0,-119088.0,12240.0,3432.0,78200.0,77840.0,122160.0,122520.0,80,80,10,10,6120,1716
0,1234,2442,Aleatorio,true,true,true,true,78,true,true,Avanzada,-109626.0,-119100.0,12564.0,3340.0,75170.0,75920.0,122190.0,122440.0,77,78,10,10,6282,1670
0,1234,2659,Aleatorio,true,true,true,true,74,true,true,Avanzada,-109676.0,-119434.0,12504.0,2896.0,71180.0,71030.0,122180.0,122330.0,73,73,10,9,6252,1448
0,1234,2266,Aleatorio,true,true,true,true,67,true,true,Avanzada,-109346.0,-119360.0,12544.0,2900.0,71470.0,71100.0,121890.0,122260.0,73,73,10,10,6272,1450
0,1234,2526,Aleatorio,true,true,true,true,76,true,true,Avanzada,-109464.0,-119202.0,12696.0,3228.0,75200.0,74930.0,122160.0,122430.0,77,77,10,10,6348,1614
0,1234,2581,Aleatorio,true,true,true,true,76,true,true,Avanzada,-109216.0,-119290.0,12664.0,3000.0,71480.0,73070.0,121880.0,122290.0,73,75,10,10,6332,1500
0,1234,2964,Aleatorio_1PxV,true,true,true,true,63,true,true,Avanzada,-109920.0,-119294.0,11440.0,2676.0,47000.0,57390.0,121360.0,121970.0,48,59,10,10,5720,1338
0,1234,2643,Aleatorio_1PxV,true,true,true,true,64,true,true,Avanzada,-109978.0,-119154.0,11512.0,2896.0,48870.0,59310.0,121490.0,122050.0,50,61,10,10,5756,1448
0,1234,2965,Aleatorio_1PxV,true,true,true,true,63,true,true,Avanzada,-109682.0,-119312.0,11688.0,2708.0,46990.0,57340.0,121370.0,122020.0,48,59,10,10,5844,1354
0,1234,2187,Aleatorio_1PxV,true,true,true,true,52,true,true,Avanzada,-110098.0,-119240.0,11352.0,2680.0,46910.0,53440.0,121450.0,121920.0,48,55,10,10,5676,1340
0,1234,2482,Aleatorio_1PxV,true,true,true,true,59,true,true,Avanzada,-110336.0,-119310.0,11044.0,2660.0,46980.0,57390.0,121380.0,121970.0,48,59,10,10,5522,1330
0,1234,2258,GreedyDistancia,true,true,true,true,63,true,true,Avanzada,-110338.0,-118896.0,11672.0,3324.0,78350.0,78140.0,122010.0,122220.0,80,80,10,10,5836,1662
1,1,2299,Sin_Assignacion,true,true,true,true,65,true,true,Basica,-112244.0,-121948.0,12496.0,3012.0,77580.0,78360.0,124740.0,124960.0,79,80,10,10,6248,1506
1,1,2933,Aleatorio,true,true,true,true,87,true,true,Basica,-112170.0,-121666.0,12720.0,3304.0,78430.0,79350.0,124890.0,124970.0,80,81,10,10,6360,1652
1,1,2915,Aleatorio,true,true,true,true,83,true,true,Basica,-112274.0,-121958.0,12476.0,3012.0,79570.0,79350.0,124750.0,124970.0,81,81,10,10,6238,1506
1,1,3013,Aleatorio,true,true,true,true,78,true,true,Basica,-112138.0,-121834.0,12652.0,3076.0,79530.0,79410.0,124790.0,124910.0,81,81,10,10,6326,1538
1,1,2422,Aleatorio,true,true,true,true,73,true,true,Basica,-112070.0,-121742.0,12620.0,3208.0,77630.0,77370.0,124690.0,124950.0,79,79,10,10,6310,1604
1,1,2432,Aleatorio,true,true,true,true,75,true,true,Basica,-112108.0,-122026.0,12672.0,2964.0,75540.0,76330.0,124780.0,124990.0,77,78,10,10,6336,1482
1,1,2354,Aleatorio_1PxV,true,true,true,true,57,true,true,Basica,-112778.0,-121886.0,11432.0,2704.0,49110.0,56730.0,124210.0,124590.0,50,58,10,10,5716,1352
1,1,2364,Aleatorio_1PxV,true,true,true,true,57,true,true,Basica,-112784.0,-121998.0,11416.0,2592.0,48120.0,56730.0,124200.0,124590.0,49,58,10,10,5708,1296
1,1,2620,Aleatorio_1PxV,true,true,true,true,60,true,true,Basica,-112132.0,-122162.0,12028.0,2388.0,45160.0,54770.0,124160.0,124550.0,46,56,10,10,6014,1194
1,1,2355,Aleatorio_1PxV,true,true,true,true,55,true,true,Basica,-112526.0,-121898.0,11704.0,2652.0,49090.0,55770.0,124230.0,124550.0,50,57,10,10,5852,1326
1,1,2449,Aleatorio_1PxV,true,true,true,true,59,true,true,Basica,-112896.0,-122066.0,11224.0,2544.0,47200.0,55710.0,124120.0,124610.0,48,57,10,10,5612,1272
1,1,2229,GreedyDistancia,true,true,true,true,66,true,true,Basica,-112936.0,-121780.0,11784.0,3140.0,80600.0,81400.0,124720.0,124920.0,82,83,10,10,5892,1570
2,91011,3005,Sin_Assignacion,true,true,true,true,83,true,true,Basica,-116328.0,-125276.0,12332.0,3544.0,76360.0,76200.0,128660.0,128820.0,78,78,10,10,6166,1772
2,91011,2951,Aleatorio,true,true,true,true,83,true,true,Basica,-116010.0,-125586.0,12600.0,3264.0,75410.0,76170.0,128610.0,128850.0,77,78,10,10,6300,1632
2,91011,2625,Aleatorio,true,true,true,true,73,true,true,Basica,-115564.0,-126056.0,12656.0,2684.0,68800.0,68280.0,128220.0,128740.0,70,70,10,10,6328,1342
2,91011,2848,Aleatorio,true,true,true,true,77,true,true,Basica,-115766.0,-125532.0,12644.0,3268.0,73610.0,73220.0,128410.0,128800.0,75,75,10,10,6322,1634
2,91011,2671,Aleatorio,true,true,true,true,73,true,true,Basica,-115884.0,-125460.0,12656.0,3280.0,76480.0,76280.0,128540.0,128740.0,78,78,10,10,6328,1640
2,91011,3109,Aleatorio,true,true,true,true,82,true,true,Basica,-116052.0,-125466.0,12468.0,3284.0,75500.0,75270.0,128520.0,128750.0,77,77,10,10,6234,1642
2,91011,2449,Aleatorio_1PxV,true,true,true,true,50,true,true,Basica,-117212.0,-125822.0,10748.0,2388.0,49060.0,50810.0,127960.0,128210.0,50,52,10,10,5374,1194
2,91011,2655,Aleatorio_1PxV,true,true,true,true,55,true,true,Basica,-116052.0,-126124.0,11808.0,2056.0,45160.0,48840.0,127860.0,128180.0,46,50,10,10,5904,1028
2,91011,2373,Aleatorio_1PxV,true,true,true,true,50,true,true,Basica,-116306.0,-126060.0,11644.0,2140.0,46070.0,49820.0,127950.0,128200.0,47,51,10,10,5822,1070
2,91011,2226,Aleatorio_1PxV,true,true,true,true,51,true,true,Basica,-116356.0,-125850.0,11644.0,2360.0,48020.0,51810.0,128000.0,128210.0,49,53,10,10,5822,1180
2,91011,2280,Aleatorio_1PxV,true,true,true,true,52,true,true,Basica,-115806.0,-126182.0,12064.0,2028.0,44150.0,50810.0,127870.0,128210.0,45,52,10,10,6032,1014
2,91011,2251,GreedyDistancia,true,true,true,true,64,true,true,Basica,-116110.0,-125552.0,12480.0,3068.0,76430.0,76400.0,128590.0,128620.0,78,78,10,10,6240,1534
3,121314,2265,Sin_Assignacion,true,true,true,true,80,true,true,Basica,-103330.0,-112558.0,12540.0,3552.0,75450.0,76210.0,115870.0,116110.0,77,78,10,10,6270,1776
3,121314,1802,Aleatorio,true,true,true,true,65,true,true,Basica,-103098.0,-112644.0,12612.0,3336.0,75610.0,75340.0,115710.0,115980.0,77,77,10,10,6306,1668
3,121314,2073,Aleatorio,true,true,true,true,73,true,true,Basica,-103282.0,-112798.0,12608.0,3212.0,73430.0,74310.0,115890.0,116010.0,75,76,10,10,6304,1606
3,121314,1928,Aleatorio,true,true,true,true,63,true,true,Basica,-103184.0,-113064.0,12576.0,2876.0,68560.0,68380.0,115760.0,115940.0,70,70,10,10,6288,1438
3,121314,2309,Aleatorio,true,true,true,true,77,true,true,Basica,-103176.0,-112946.0,12584.0,3064.0,71560.0,71310.0,115760.0,116010.0,73,73,10,10,6292,1532
3,121314,2316,Aleatorio,true,true,true,true,74,true,true,Basica,-102846.0,-113290.0,12724.0,2700.0,69750.0,69330.0,115570.0,115990.0,71,71,10,10,6362,1350
3,121314,2024,Aleatorio_1PxV,true,true,true,true,55,true,true,Basica,-103434.0,-113176.0,11776.0,2484.0,46110.0,56660.0,115210.0,115660.0,47,58,10,10,5888,1242
3,121314,2099,Aleatorio_1PxV,true,true,true,true,55,true,true,Basica,-104764.0,-113188.0,10496.0,2412.0,46060.0,53720.0,115260.0,115600.0,47,55,10,10,5248,1206
3,121314,1841,Aleatorio_1PxV,true,true,true,true,50,true,true,Basica,-103898.0,-113066.0,11312.0,2524.0,48110.0,55730.0,115210.0,115590.0,49,57,10,10,5656,1262
3,121314,2000,Aleatorio_1PxV,true,true,true,true,54,true,true,Basica,-102704.0,-113218.0,12396.0,2272.0,45220.0,49830.0,115100.0,115490.0,46,51,10,10,6198,1136
3,121314,1916,Aleatorio_1PxV,true,true,true,true,53,true,true,Basica,-102902.0,-113176.0,12248.0,2424.0,46170.0,54720.0,115150.0,115600.0,47,56,10,10,6124,1212
3,121314,2010,GreedyDistancia,true,true,true,true,72,true,true,Basica,-103654.0,-112946.0,12216.0,2964.0,77450.0,77410.0,115870.0,115910.0,79,79,10,10,6108,1482
4,151617,2151,Sin_Assignacion,true,true,true,true,77,true,true,Basica,-102348.0,-111986.0,12532.0,3024.0,78240.0,78110.0,114880.0,115010.0,80,80,10,10,6266,1512
4,151617,2172,Aleatorio,true,true,true,true,76,true,true,Basica,-102040.0,-112026.0,12580.0,3004.0,74500.0,74090.0,114620.0,115030.0,76,76,10,10,6290,1502
4,151617,2249,Aleatorio,true,true,true,true,78,true,true,Basica,-102000.0,-112210.0,12680.0,2800.0,74440.0,75110.0,114680.0,115010.0,76,77,10,10,6340,1400
4,151617,2035,Aleatorio,true,true,true,true,72,true,true,Basica,-102238.0,-111952.0,12412.0,3128.0,75470.0,77040.0,114650.0,115080.0,77,79,10,10,6206,1564
4,151617,2253,Aleatorio,true,true,true,true,80,true,true,Basica,-102114.0,-112158.0,12676.0,2852.0,73330.0,73110.0,114790.0,115010.0,75,75,10,10,6338,1426
4,151617,2159,Aleatorio,true,true,true,true,76,true,true,Basica,-102056.0,-112056.0,12664.0,2904.0,71400.0,71160.0,114720.0,114960.0,73,73,10,10,6332,1452
4,151617,2293,Aleatorio_1PxV,true,true,true,true,60,true,true,Basica,-103740.0,-112142.0,10460.0,2568.0,46920.0,57410.0,114200.0,114710.0,48,59,10,10,5230,1284
4,151617,1858,Aleatorio_1PxV,true,true,true,true,53,true,true,Basica,-102224.0,-112142.0,11816.0,2508.0,47080.0,54470.0,114040.0,114650.0,48,56,10,10,5908,1254
4,151617,1966,Aleatorio_1PxV,true,true,true,true,56,true,true,Basica,-102846.0,-112118.0,11384.0,2532.0,46890.0,54470.0,114230.0,114650.0,48,56,10,10,5692,1266
4,151617,1911,Aleatorio_1PxV,true,true,true,true,55,true,true,Basica,-103690.0,-112158.0,10420.0,2572.0,47010.0,56390.0,114110.0,114730.0,48,58,10,10,5210,1286
4,151617,1709,Aleatorio_1PxV,true,true,true,true,49,true,true,Basica,-102200.0,-111934.0,11940.0,2776.0,48980.0,56410.0,114140.0,114710.0,50,58,10,10,5970,1388
4,151617,2011,GreedyDistancia,true,true,true,true,74,true,true,Basica,-102240.0,-111954.0,12360.0,3076.0,77520.0,77090.0,114600.0,115030.0,79,79,10,10,6180,1538
5,181920,1976,Sin_Assignacion,true,true,true,true,70,true,true,Basica,-102660.0,-112144.0,12400.0,3556.0,74520.0,73880.0,115060.0,115700.0,76,76,10,10,6200,1778
5,181920,2365,Aleatorio,true,true,true,true,82,true,true,Basica,-102714.0,-112256.0,12676.0,3424.0,71190.0,71900.0,115390.0,115680.0,73,74,10,10,6338,1712
5,181920,2252,Aleatorio,true,true,true,true,76,true,true,Basica,-102412.0,-112152.0,12648.0,3508.0,72520.0,71920.0,115060.0,115660.0,74,74,10,10,6324,1754
5,181920,2132,Aleatorio,true,true,true,true,74,true,true,Basica,-102440.0,-112116.0,12600.0,3524.0,73540.0,72940.0,115040.0,115640.0,75,75,10,10,6300,1762
5,181920,1911,Aleatorio,true,true,true,true,73,true,true,Basica,-102650.0,-111532.0,12620.0,4228.0,79310.0,78820.0,115270.0,115760.0,81,81,10,10,6310,2114
5,181920,2185,Aleatorio,true,true,true,true,74,true,true,Basica,-102558.0,-112104.0,12672.0,3616.0,73350.0,72860.0,115230.0,115720.0,75,75,10,10,6336,1808
5,181920,2111,Aleatorio_1PxV,true,true,true,true,56,true,true,Basica,-102638.0,-112148.0,12032.0,3032.0,46910.0,56400.0,114670.0,115180.0,48,58,10,10,6016,1516
5,181920,1688,Aleatorio_1PxV,true,true,true,true,49,true,true,Basica,-103324.0,-111900.0,11556.0,3220.0,48700.0,53460.0,114880.0,115120.0,50,55,10,10,5778,1610
5,181920,1738,Aleatorio_1PxV,true,true,true,true,50,true,true,Basica,-103032.0,-112044.0,11748.0,3076.0,47800.0,53460.0,114780.0,115120.0,49,55,10,10,5874,1538
5,181920,1722,Aleatorio_1PxV,true,true,true,true,49,true,true,Basica,-102988.0,-112028.0,11692.0,3092.0,47900.0,53460.0,114680.0,115120.0,49,55,10,10,5846,1546
5,181920,1946,Aleatorio_1PxV,true,true,true,true,56,true,true,Basica,-102896.0,-112102.0,11884.0,3208.0,47800.0,59270.0,114780.0,115310.0,49,61,10,10,5942,1604
5,181920,1588,GreedyDistancia,true,true,true,true,58,true,true,Basica,-103320.0,-111782.0,12160.0,3948.0,78100.0,77850.0,115480.0,115730.0,80,80,10,10,6080,1974
6,2134565223,2088,Sin_Assignacion,true,true,true,true,74,true,true,Basica,-103556.0,-112510.0,12184.0,3560.0,80440.0,81110.0,115740.0,116070.0,82,83,10,10,6092,1780
6,2134565223,2662,Aleatorio,true,true,true,true,78,true,true,Basica,-102916.0,-113078.0,12664.0,2832.0,70600.0,70270.0,115580.0,115910.0,72,72,10,10,6332,1416
6,2134565223,2082,Aleatorio,true,true,true,true,78,true,true,Basica,-103362.0,-112606.0,12408.0,3444.0,79410.0,79130.0,115770.0,116050.0,81,81,10,10,6204,1722
6,2134565223,2250,Aleatorio,true,true,true,true,77,true,true,Basica,-103446.0,-113032.0,12324.0,2868.0,74410.0,74280.0,115770.0,115900.0,76,76,10,10,6162,1434
6,2134565223,2563,Aleatorio,true,true,true,true,85,true,true,Basica,-103098.0,-113026.0,12512.0,2964.0,72570.0,73190.0,115610.0,115990.0,74,75,10,10,6256,1482
6,2134565223,2598,Aleatorio,true,true,true,true,89,true,true,Basica,-103352.0,-112964.0,12468.0,3056.0,77360.0,77160.0,115820.0,116020.0,79,79,10,10,6234,1528
6,2134565223,2164,Aleatorio_1PxV,true,true,true,true,60,true,true,Basica,-104142.0,-113036.0,10948.0,2564.0,47090.0,58580.0,115090.0,115600.0,48,60,10,10,5474,1282
6,2134565223,2060,Aleatorio_1PxV,true,true,true,true,57,true,true,Basica,-104254.0,-112884.0,11016.0,2616.0,47910.0,56680.0,115270.0,115500.0,49,58,10,10,5508,1308
6,2134565223,2207,Aleatorio_1PxV,true,true,true,true,58,true,true,Basica,-103818.0,-112876.0,11392.0,2704.0,48970.0,59600.0,115210.0,115580.0,50,61,10,10,5696,1352
6,2134565223,2015,Aleatorio_1PxV,true,true,true,true,56,true,true,Basica,-104046.0,-112966.0,11184.0,2584.0,47950.0,57630.0,115230.0,115550.0,49,59,10,10,5592,1292
6,2134565223,2017,Aleatorio_1PxV,true,true,true,true,56,true,true,Basica,-104224.0,-113020.0,10896.0,2660.0,48060.0,60500.0,115120.0,115680.0,49,62,10,10,5448,1330
6,2134565223,1988,GreedyDistancia,true,true,true,true,71,true,true,Basica,-103456.0,-112810.0,12224.0,3100.0,79500.0,79270.0,115680.0,115910.0,81,81,10,10,6112,1550
7,242526,2303,Sin_Assignacion,true,true,true,true,75,true,true,Basica,-108654.0,-117382.0,12136.0,3648.0,78410.0,78170.0,120790.0,121030.0,80,80,10,10,6068,1824
7,242526,2281,Aleatorio,true,true,true,true,70,true,true,Basica,-108402.0,-117796.0,12208.0,3124.0,69590.0,69280.0,120610.0,120920.0,71,71,10,10,6104,1562
7,242526,2524,Aleatorio,true,true,true,true,75,true,true,Basica,-107868.0,-117864.0,12672.0,2976.0,66660.0,67360.0,120540.0,120840.0,68,69,10,9,6336,1488
7,242526,2551,Aleatorio,true,true,true,true,71,true,true,Basica,-108612.0,-117656.0,12328.0,3304.0,75260.0,75240.0,120940.0,120960.0,77,77,10,10,6164,1652
7,242526,2513,Aleatorio,true,true,true,true,78,true,true,Basica,-107940.0,-117762.0,12640.0,3188.0,72620.0,72250.0,120580.0,120950.0,74,74,10,10,6320,1594
7,242526,2545,Aleatorio,true,true,true,true,78,true,true,Basica,-108274.0,-117812.0,12436.0,3128.0,70490.0,71260.0,120710.0,120940.0,72,73,10,10,6218,1564
7,242526,2109,Aleatorio_1PxV,true,true,true,true,53,true,true,Basica,-107826.0,-117682.0,12244.0,2888.0,46130.0,55630.0,120070.0,120570.0,47,57,10,10,6122,1444
7,242526,2136,Aleatorio_1PxV,true,true,true,true,54,true,true,Basica,-108892.0,-117392.0,11308.0,3228.0,49000.0,57580.0,120200.0,120620.0,50,59,10,10,5654,1614
7,242526,2717,Aleatorio_1PxV,true,true,true,true,64,true,true,Basica,-108254.0,-117662.0,11736.0,2968.0,46210.0,57570.0,119990.0,120630.0,47,59,10,10,5868,1484
7,242526,2788,Aleatorio_1PxV,true,true,true,true,57,true,true,Basica,-108640.0,-117508.0,11480.0,3112.0,48080.0,56580.0,120120.0,120620.0,49,58,10,10,5740,1556
7,242526,2515,Aleatorio_1PxV,true,true,true,true,54,true,true,Basica,-109188.0,-117586.0,10932.0,3004.0,47080.0,56610.0,120120.0,120590.0,48,58,10,10,5466,1502
7,242526,1980,GreedyDistancia,true,true,true,true,61,true,true,Basica,-108142.0,-117826.0,12448.0,2964.0,69610.0,70410.0,120590.0,120790.0,71,72,10,10,6224,1482
8,669610,2090,Sin_Assignacion,true,true,true,true,64,true,true,Basica,-115006.0,-124196.0,12044.0,3264.0,80190.0,80780.0,127050.0,127460.0,82,83,10,10,6022,1632
8,669610,2513,Aleatorio,true,true,true,true,76,true,true,Basica,-114868.0,-124100.0,12392.0,3380.0,83980.0,83760.0,127260.0,127480.0,86,86,10,10,6196,1690
8,669610,2660,Aleatorio,true,true,true,true,74,true,true,Basica,-114452.0,-124480.0,12568.0,2880.0,75220.0,74880.0,127020.0,127360.0,77,77,10,10,6284,1440
8,669610,2970,Aleatorio,true,true,true,true,85,true,true,Basica,-114236.0,-124386.0,12704.0,2904.0,76300.0,76950.0,126940.0,127290.0,78,79,10,10,6352,1452
8,669610,2837,Aleatorio,true,true,true,true,80,true,true,Basica,-114564.0,-124208.0,12616.0,3172.0,83060.0,83860.0,127180.0,127380.0,85,86,10,10,6308,1586
8,669610,2998,Aleatorio,true,true,true,true,89,true,true,Basica,-114388.0,-124464.0,12652.0,2816.0,78200.0,77960.0,127040.0,127280.0,80,80,10,10,6326,1408
8,669610,2981,Aleatorio_1PxV,true,true,true,true,64,true,true,Basica,-115134.0,-124648.0,11136.0,2372.0,47970.0,62220.0,126270.0,127020.0,49,64,10,10,5568,1186
8,669610,3072,Aleatorio_1PxV,true,true,true,true,67,true,true,Basica,-114560.0,-124558.0,11620.0,2352.0,49060.0,59330.0,126180.0,126910.0,50,61,10,10,5810,1176
8,669610,2677,Aleatorio_1PxV,true,true,true,true,61,true,true,Basica,-115776.0,-124464.0,10704.0,2496.0,48760.0,60280.0,126480.0,126960.0,50,62,10,10,5352,1248
8,669610,2551,Aleatorio_1PxV,true,true,true,true,60,true,true,Basica,-115206.0,-124644.0,11164.0,2356.0,47870.0,60240.0,126370.0,127000.0,49,62,10,10,5582,1178
8,669610,2625,Aleatorio_1PxV,true,true,true,true,58,true,true,Basica,-114638.0,-124620.0,11772.0,2280.0,47830.0,58340.0,126410.0,126900.0,49,60,10,10,5886,1140
8,669610,2286,GreedyDistancia,true,true,true,true,69,true,true,Basica,-115010.0,-124510.0,12180.0,2780.0,79050.0,78950.0,127190.0,127290.0,81,81,10,10,6090,1390
9,303132,2261,Sin_Assignacion,true,true,true,true,74,true,true,Basica,-110012.0,-119142.0,12408.0,3568.0,78320.0,78030.0,122420.0,122710.0,80,80,10,10,6204,1784
9,303132,2457,Aleatorio,true,true,true,true,78,true,true,Basica,-109764.0,-119438.0,12476.0,3152.0,74500.0,74150.0,122240.0,122590.0,76,76,10,10,6238,1576
9,303132,2006,Aleatorio,true,true,true,true,70,true,true,Basica,-109848.0,-119038.0,12612.0,3732.0,81280.0,81970.0,122460.0,122770.0,83,84,10,10,6306,1866
9,303132,2522,Aleatorio,true,true,true,true,82,true,true,Basica,-109778.0,-119310.0,12632.0,3360.0,78330.0,79070.0,122410.0,122670.0,80,81,10,10,6316,1680
9,303132,2839,Aleatorio,true,true,true,true,83,true,true,Basica,-109694.0,-119246.0,12616.0,3404.0,77430.0,78090.0,122310.0,122650.0,79,80,10,10,6308,1702
9,303132,2353,Aleatorio,true,true,true,true,83,true,true,Basica,-110050.0,-119164.0,12460.0,3576.0,81230.0,81000.0,122510.0,122740.0,83,83,10,10,6230,1788
9,303132,2335,Aleatorio_1PxV,true,true,true,true,60,true,true,Basica,-110294.0,-119378.0,11476.0,2912.0,48970.0,59450.0,121770.0,122290.0,50,61,10,10,5738,1456
9,303132,2369,Aleatorio_1PxV,true,true,true,true,60,true,true,Basica,-109970.0,-119468.0,11900.0,2752.0,48870.0,56520.0,121870.0,122220.0,50,58,10,10,5950,1376
9,303132,2188,Aleatorio_1PxV,true,true,true,true,59,true,true,Basica,-109992.0,-119490.0,11648.0,2700.0,49100.0,56550.0,121640.0,122190.0,50,58,10,10,5824,1350
9,303132,2420,Aleatorio_1PxV,true,true,true,true,63,true,true,Basica,-109846.0,-119588.0,11824.0,2592.0,48070.0,55560.0,121670.0,122180.0,49,57,10,10,5912,1296
9,303132,2457,Aleatorio_1PxV,true,true,true,true,60,true,true,Basica,-111166.0,-119476.0,10584.0,2664.0,48990.0,56600.0,121750.0,122140.0,50,58,10,10,5292,1332
9,303132,1932,GreedyDistancia,true,true,true,true,62,true,true,Basica,-110278.0,-119402.0,11892.0,3108.0,77570.0,77230.0,122170.0,122510.0,79,79,10,10,5946,1554
