iteration,seed,time_ms,algorithmEI,algorithmSearch,op1,op2,op3,op4,nodesExpanded,validInicial,validFinal,heurFunction,heurIni,heurFi,costIni,costFi,profitIni,profitFi,AssignedPetitionsIni,AssignedPetitionsFi,trucksUsedIni,trucksUsedFi,totalKmIni,totalKmFi,k,lambda
0,1234,359,GreedyCuadrantes,Simulated Annealing,true,true,true,false,20001,true,true,Basica,-69082.0,-92618.0,11208.0,5472.0,80290.0,98090.0,82,100,10,10,5604,2736,5,1.0E-4
0,1234,209,GreedyCuadrantes,Simulated Annealing,true,true,true,false,20001,true,true,Basica,-69082.0,-90932.0,11208.0,5268.0,80290.0,96200.0,82,98,10,10,5604,2634,5,0.001
0,1234,216,GreedyCuadrantes,Simulated Annealing,true,true,true,false,20001,true,true,Basica,-69082.0,-90914.0,11208.0,5396.0,80290.0,96310.0,82,98,10,10,5604,2698,5,0.01
0,1234,66,GreedyCuadrantes,Simulated Annealing,true,true,true,false,7501,true,true,Basica,-69082.0,-91174.0,11208.0,5956.0,80290.0,97130.0,82,99,10,10,5604,2978,5,0.1
0,1234,183,GreedyCuadrantes,Simulated Annealing,true,true,true,false,20001,true,true,Basica,-69082.0,-91662.0,11208.0,5548.0,80290.0,97210.0,82,99,10,10,5604,2774,10,1.0E-4
0,1234,200,GreedyCuadrantes,Simulated Annealing,true,true,true,false,20001,true,true,Basica,-69082.0,-90844.0,11208.0,5336.0,80290.0,96180.0,82,98,10,10,5604,2668,10,0.001
0,1234,179,GreedyCuadrantes,Simulated Annealing,true,true,true,false,20001,true,true,Basica,-69082.0,-92800.0,11208.0,5400.0,80290.0,98200.0,82,100,10,10,5604,2700,10,0.01
0,1234,68,GreedyCuadrantes,Simulated Annealing,true,true,true,false,7501,true,true,Basica,-69082.0,-90984.0,11208.0,6136.0,80290.0,97120.0,82,99,10,10,5604,3068,10,0.1
0,1234,174,GreedyCuadrantes,Simulated Annealing,true,true,true,false,20001,true,true,Basica,-69082.0,-92674.0,11208.0,5576.0,80290.0,98250.0,82,100,10,10,5604,2788,20,1.0E-4
0,1234,171,GreedyCuadrantes,Simulated Annealing,true,true,true,false,20001,true,true,Basica,-69082.0,-91236.0,11208.0,5164.0,80290.0,96400.0,82,98,10,10,5604,2582,20,0.001
0,1234,165,GreedyCuadrantes,Simulated Annealing,true,true,true,false,20001,true,true,Basica,-69082.0,-91380.0,11208.0,5700.0,80290.0,97080.0,82,99,10,10,5604,2850,20,0.01
0,1234,64,GreedyCuadrantes,Simulated Annealing,true,true,true,false,7501,true,true,Basica,-69082.0,-90592.0,11208.0,5648.0,80290.0,96240.0,82,98,10,10,5604,2824,20,0.1
0,1234,173,GreedyCuadrantes,Simulated Annealing,true,true,true,false,20001,true,true,Basica,-69082.0,-92646.0,11208.0,5584.0,80290.0,98230.0,82,100,10,10,5604,2792,25,1.0E-4
0,1234,175,GreedyCuadrantes,Simulated Annealing,true,true,true,false,20001,true,true,Basica,-69082.0,-90932.0,11208.0,5228.0,80290.0,96160.0,82,98,10,10,5604,2614,25,0.001
0,1234,172,GreedyCuadrantes,Simulated Annealing,true,true,true,false,20001,true,true,Basica,-69082.0,-92878.0,11208.0,5372.0,80290.0,98250.0,82,100,10,10,5604,2686,25,0.01
0,1234,66,GreedyCuadrantes,Simulated Annealing,true,true,true,false,7501,true,true,Basica,-69082.0,-91418.0,11208.0,5672.0,80290.0,97090.0,82,99,10,10,5604,2836,25,0.1
1,1,173,GreedyCuadrantes,Simulated Annealing,true,true,true,false,20001,true,true,Basica,-69258.0,-92594.0,11252.0,4936.0,80510.0,97530.0,82,99,10,10,5626,2468,5,1.0E-4
1,1,175,GreedyCuadrantes,Simulated Annealing,true,true,true,false,20001,true,true,Basica,-69258.0,-91684.0,11252.0,4956.0,80510.0,96640.0,82,98,10,10,5626,2478,5,0.001
1,1,170,GreedyCuadrantes,Simulated Annealing,true,true,true,false,20001,true,true,Basica,-69258.0,-93644.0,11252.0,4896.0,80510.0,98540.0,82,100,10,10,5626,2448,5,0.01
1,1,67,GreedyCuadrantes,Simulated Annealing,true,true,true,false,7501,true,true,Basica,-69258.0,-92850.0,11252.0,5500.0,80510.0,98350.0,82,100,10,10,5626,2750,5,0.1
1,1,172,GreedyCuadrantes,Simulated Annealing,true,true,true,false,20001,true,true,Basica,-69258.0,-92812.0,11252.0,4668.0,80510.0,97480.0,82,99,10,10,5626,2334,10,1.0E-4
1,1,191,GreedyCuadrantes,Simulated Annealing,true,true,true,false,20001,true,true,Basica,-69258.0,-93520.0,11252.0,5040.0,80510.0,98560.0,82,100,10,10,5626,2520,10,0.001
1,1,173,GreedyCuadrantes,Simulated Annealing,true,true,true,false,20001,true,true,Basica,-69258.0,-92548.0,11252.0,4972.0,80510.0,97520.0,82,99,10,10,5626,2486,10,0.01
1,1,66,GreedyCuadrantes,Simulated Annealing,true,true,true,false,7501,true,true,Basica,-69258.0,-91632.0,11252.0,5788.0,80510.0,97420.0,82,99,10,10,5626,2894,10,0.1
1,1,172,GreedyCuadrantes,Simulated Annealing,true,true,true,false,20001,true,true,Basica,-69258.0,-91682.0,11252.0,4928.0,80510.0,96610.0,82,98,10,10,5626,2464,20,1.0E-4
1,1,174,GreedyCuadrantes,Simulated Annealing,true,true,true,false,20001,true,true,Basica,-69258.0,-92688.0,11252.0,4832.0,80510.0,97520.0,82,99,10,10,5626,2416,20,0.001
1,1,172,GreedyCuadrantes,Simulated Annealing,true,true,true,false,20001,true,true,Basica,-69258.0,-93526.0,11252.0,5024.0,80510.0,98550.0,82,100,10,10,5626,2512,20,0.01
1,1,69,GreedyCuadrantes,Simulated Annealing,true,true,true,false,7501,true,true,Basica,-69258.0,-91750.0,11252.0,5720.0,80510.0,97470.0,82,99,10,10,5626,2860,20,0.1
1,1,174,GreedyCuadrantes,Simulated Annealing,true,true,true,false,20001,true,true,Basica,-69258.0,-92588.0,11252.0,4952.0,80510.0,97540.0,82,99,10,10,5626,2476,25,1.0E-4
1,1,185,GreedyCuadrantes,Simulated Annealing,true,true,true,false,20001,true,true,Basica,-69258.0,-92514.0,11252.0,4916.0,80510.0,97430.0,82,99,10,10,5626,2458,25,0.001
1,1,169,GreedyCuadrantes,Simulated Annealing,true,true,true,false,20001,true,true,Basica,-69258.0,-92674.0,11252.0,4936.0,80510.0,97610.0,82,99,10,10,5626,2468,25,0.01
1,1,66,GreedyCuadrantes,Simulated Annealing,true,true,true,false,7501,true,true,Basica,-69258.0,-92892.0,11252.0,5528.0,80510.0,98420.0,82,100,10,10,5626,2764,25,0.1
2,91011,182,GreedyCuadrantes,Simulated Annealing,true,true,true,false,20001,true,true,Basica,-71798.0,-90568.0,11592.0,5892.0,83390.0,96460.0,85,98,10,10,5796,2946,5,1.0E-4
2,91011,198,GreedyCuadrantes,Simulated Annealing,true,true,true,false,20001,true,true,Basica,-71798.0,-92212.0,11592.0,6208.0,83390.0,98420.0,85,100,10,10,5796,3104,5,0.001
2,91011,186,GreedyCuadrantes,Simulated Annealing,true,true,true,false,20001,true,true,Basica,-71798.0,-90306.0,11592.0,6064.0,83390.0,96370.0,85,98,10,10,5796,3032,5,0.01
2,91011,71,GreedyCuadrantes,Simulated Annealing,true,true,true,false,7501,true,true,Basica,-71798.0,-90756.0,11592.0,6464.0,83390.0,97220.0,85,99,10,10,5796,3232,5,0.1
2,91011,185,GreedyCuadrantes,Simulated Annealing,true,true,true,false,20001,true,true,Basica,-71798.0,-91498.0,11592.0,5972.0,83390.0,97470.0,85,99,10,10,5796,2986,10,1.0E-4
2,91011,189,GreedyCuadrantes,Simulated Annealing,true,true,true,false,20001,true,true,Basica,-71798.0,-92202.0,11592.0,6048.0,83390.0,98250.0,85,100,10,10,5796,3024,10,0.001
2,91011,190,GreedyCuadrantes,Simulated Annealing,true,true,true,false,20001,true,true,Basica,-71798.0,-91414.0,11592.0,6076.0,83390.0,97490.0,85,99,10,10,5796,3038,10,0.01
2,91011,72,GreedyCuadrantes,Simulated Annealing,true,true,true,false,7501,true,true,Basica,-71798.0,-91562.0,11592.0,6688.0,83390.0,98250.0,85,100,10,10,5796,3344,10,0.1
2,91011,184,GreedyCuadrantes,Simulated Annealing,true,true,true,false,20001,true,true,Basica,-71798.0,-90512.0,11592.0,5888.0,83390.0,96400.0,85,98,10,10,5796,2944,20,1.0E-4
2,91011,184,GreedyCuadrantes,Simulated Annealing,true,true,true,false,20001,true,true,Basica,-71798.0,-90246.0,11592.0,6044.0,83390.0,96290.0,85,98,10,10,5796,3022,20,0.001
2,91011,183,GreedyCuadrantes,Simulated Annealing,true,true,true,false,20001,true,true,Basica,-71798.0,-92432.0,11592.0,5788.0,83390.0,98220.0,85,100,10,10,5796,2894,20,0.01
2,91011,72,GreedyCuadrantes,Simulated Annealing,true,true,true,false,7501,true,true,Basica,-71798.0,-91646.0,11592.0,6564.0,83390.0,98210.0,85,100,10,10,5796,3282,20,0.1
2,91011,195,GreedyCuadrantes,Simulated Annealing,true,true,true,false,20001,true,true,Basica,-71798.0,-90304.0,11592.0,6096.0,83390.0,96400.0,85,98,10,10,5796,3048,25,1.0E-4
2,91011,183,GreedyCuadrantes,Simulated Annealing,true,true,true,false,20001,true,true,Basica,-71798.0,-91208.0,11592.0,6092.0,83390.0,97300.0,85,99,10,10,5796,3046,25,0.001
2,91011,187,GreedyCuadrantes,Simulated Annealing,true,true,true,false,20001,true,true,Basica,-71798.0,-92352.0,11592.0,6088.0,83390.0,98440.0,85,100,10,10,5796,3044,25,0.01
2,91011,73,GreedyCuadrantes,Simulated Annealing,true,true,true,false,7501,true,true,Basica,-71798.0,-91466.0,11592.0,6844.0,83390.0,98310.0,85,100,10,10,5796,3422,25,0.1
3,121314,164,GreedyCuadrantes,Simulated Annealing,true,true,true,false,20001,true,true,Basica,-72066.0,-92304.0,10364.0,5036.0,82430.0,97340.0,84,99,10,10,5182,2518,5,1.0E-4
3,121314,167,GreedyCuadrantes,Simulated Annealing,true,true,true,false,20001,true,true,Basica,-72066.0,-91934.0,10364.0,5296.0,82430.0,97230.0,84,99,10,10,5182,2648,5,0.001
3,121314,164,GreedyCuadrantes,Simulated Annealing,true,true,true,false,20001,true,true,Basica,-72066.0,-91856.0,10364.0,5464.0,82430.0,97320.0,84,99,10,10,5182,2732,5,0.01
3,121314,61,GreedyCuadrantes,Simulated Annealing,true,true,true,false,7501,true,true,Basica,-72066.0,-89832.0,10364.0,5288.0,82430.0,95120.0,84,97,10,10,5182,2644,5,0.1
3,121314,169,GreedyCuadrantes,Simulated Annealing,true,true,true,false,20001,true,true,Basica,-72066.0,-92886.0,10364.0,5364.0,82430.0,98250.0,84,100,10,10,5182,2682,10,1.0E-4
3,121314,164,GreedyCuadrantes,Simulated Annealing,true,true,true,false,20001,true,true,Basica,-72066.0,-92172.0,10364.0,5128.0,82430.0,97300.0,84,99,10,10,5182,2564,10,0.001
3,121314,164,GreedyCuadrantes,Simulated Annealing,true,true,true,false,20001,true,true,Basica,-72066.0,-93088.0,10364.0,5192.0,82430.0,98280.0,84,100,10,10,5182,2596,10,0.01
3,121314,60,GreedyCuadrantes,Simulated Annealing,true,true,true,false,7501,true,true,Basica,-72066.0,-92444.0,10364.0,5656.0,82430.0,98100.0,84,100,10,10,5182,2828,10,0.1
3,121314,164,GreedyCuadrantes,Simulated Annealing,true,true,true,false,20001,true,true,Basica,-72066.0,-90220.0,10364.0,5100.0,82430.0,95320.0,84,97,10,10,5182,2550,20,1.0E-4
3,121314,163,GreedyCuadrantes,Simulated Annealing,true,true,true,false,20001,true,true,Basica,-72066.0,-92132.0,10364.0,5128.0,82430.0,97260.0,84,99,10,10,5182,2564,20,0.001
3,121314,166,GreedyCuadrantes,Simulated Annealing,true,true,true,false,20001,true,true,Basica,-72066.0,-92824.0,10364.0,5336.0,82430.0,98160.0,84,100,10,10,5182,2668,20,0.01
3,121314,62,GreedyCuadrantes,Simulated Annealing,true,true,true,false,7501,true,true,Basica,-72066.0,-91232.0,10364.0,5848.0,82430.0,97080.0,84,99,10,10,5182,2924,20,0.1
3,121314,167,GreedyCuadrantes,Simulated Annealing,true,true,true,false,20001,true,true,Basica,-72066.0,-91946.0,10364.0,5304.0,82430.0,97250.0,84,99,10,10,5182,2652,25,1.0E-4
3,121314,163,GreedyCuadrantes,Simulated Annealing,true,true,true,false,20001,true,true,Basica,-72066.0,-91082.0,10364.0,5208.0,82430.0,96290.0,84,98,10,10,5182,2604,25,0.001
3,121314,168,GreedyCuadrantes,Simulated Annealing,true,true,true,false,20001,true,true,Basica,-72066.0,-90116.0,10364.0,5204.0,82430.0,95320.0,84,97,10,10,5182,2602,25,0.01
3,121314,64,GreedyCuadrantes,Simulated Annealing,true,true,true,false,7501,true,true,Basica,-72066.0,-91486.0,10364.0,5704.0,82430.0,97190.0,84,99,10,10,5182,2852,25,0.1
4,151617,165,GreedyCuadrantes,Simulated Annealing,true,true,true,false,20001,true,true,Basica,-74278.0,-92210.0,9792.0,4900.0,84070.0,97110.0,86,99,10,10,4896,2450,5,1.0E-4
4,151617,179,GreedyCuadrantes,Simulated Annealing,true,true,true,false,20001,true,true,Basica,-74278.0,-92222.0,9792.0,4908.0,84070.0,97130.0,86,99,10,10,4896,2454,5,0.001
4,151617,166,GreedyCuadrantes,Simulated Annealing,true,true,true,false,20001,true,true,Basica,-74278.0,-91980.0,9792.0,5120.0,84070.0,97100.0,86,99,10,10,4896,2560,5,0.01
4,151617,68,GreedyCuadrantes,Simulated Annealing,true,true,true,false,7501,true,true,Basica,-74278.0,-91338.0,9792.0,5812.0,84070.0,97150.0,86,99,10,10,4896,2906,5,0.1
4,151617,169,GreedyCuadrantes,Simulated Annealing,true,true,true,false,20001,true,true,Basica,-74278.0,-92076.0,9792.0,5224.0,84070.0,97300.0,86,99,10,10,4896,2612,10,1.0E-4
4,151617,164,GreedyCuadrantes,Simulated Annealing,true,true,true,false,20001,true,true,Basica,-74278.0,-91312.0,9792.0,4908.0,84070.0,96220.0,86,98,10,10,4896,2454,10,0.001
4,151617,167,GreedyCuadrantes,Simulated Annealing,true,true,true,false,20001,true,true,Basica,-74278.0,-93030.0,9792.0,5140.0,84070.0,98170.0,86,100,10,10,4896,2570,10,0.01
4,151617,63,GreedyCuadrantes,Simulated Annealing,true,true,true,false,7501,true,true,Basica,-74278.0,-90450.0,9792.0,5740.0,84070.0,96190.0,86,98,10,10,4896,2870,10,0.1
4,151617,170,GreedyCuadrantes,Simulated Annealing,true,true,true,false,20001,true,true,Basica,-74278.0,-92118.0,9792.0,5072.0,84070.0,97190.0,86,99,10,10,4896,2536,20,1.0E-4
4,151617,167,GreedyCuadrantes,Simulated Annealing,true,true,true,false,20001,true,true,Basica,-74278.0,-93118.0,9792.0,5172.0,84070.0,98290.0,86,100,10,10,4896,2586,20,0.001
4,151617,162,GreedyCuadrantes,Simulated Annealing,true,true,true,false,20001,true,true,Basica,-74278.0,-93252.0,9792.0,5008.0,84070.0,98260.0,86,100,10,10,4896,2504,20,0.01
4,151617,65,GreedyCuadrantes,Simulated Annealing,true,true,true,false,7501,true,true,Basica,-74278.0,-91450.0,9792.0,5680.0,84070.0,97130.0,86,99,10,10,4896,2840,20,0.1
4,151617,167,GreedyCuadrantes,Simulated Annealing,true,true,true,false,20001,true,true,Basica,-74278.0,-90132.0,9792.0,5068.0,84070.0,95200.0,86,97,10,10,4896,2534,25,1.0E-4
4,151617,167,GreedyCuadrantes,Simulated Annealing,true,true,true,false,20001,true,true,Basica,-74278.0,-93226.0,9792.0,5004.0,84070.0,98230.0,86,100,10,10,4896,2502,25,0.001
4,151617,167,GreedyCuadrantes,Simulated Annealing,true,true,true,false,20001,true,true,Basica,-74278.0,-91216.0,9792.0,4964.0,84070.0,96180.0,86,98,10,10,4896,2482,25,0.01
4,151617,67,GreedyCuadrantes,Simulated Annealing,true,true,true,false,7501,true,true,Basica,-74278.0,-91234.0,9792.0,6056.0,84070.0,97290.0,86,99,10,10,4896,3028,25,0.1
5,181920,179,GreedyCuadrantes,Simulated Annealing,true,true,true,false,20001,true,true,Basica,-67052.0,-90404.0,11048.0,6576.0,78100.0,96980.0,80,99,10,10,5524,3288,5,1.0E-4
5,181920,181,GreedyCuadrantes,Simulated Annealing,true,true,true,false,20001,true,true,Basica,-67052.0,-89576.0,11048.0,6504.0,78100.0,96080.0,80,98,10,10,5524,3252,5,0.001
5,181920,168,GreedyCuadrantes,Simulated Annealing,true,true,true,false,20001,true,true,Basica,-67052.0,-88820.0,11048.0,6300.0,78100.0,95120.0,80,97,10,10,5524,3150,5,0.01
5,181920,68,GreedyCuadrantes,Simulated Annealing,true,true,true,false,7501,true,true,Basica,-67052.0,-90804.0,11048.0,7116.0,78100.0,97920.0,80,100,10,10,5524,3558,5,0.1
5,181920,176,GreedyCuadrantes,Simulated Annealing,true,true,true,false,20001,true,true,Basica,-67052.0,-89544.0,11048.0,6436.0,78100.0,95980.0,80,98,10,10,5524,3218,10,1.0E-4
5,181920,172,GreedyCuadrantes,Simulated Annealing,true,true,true,false,20001,true,true,Basica,-67052.0,-90260.0,11048.0,6720.0,78100.0,96980.0,80,99,10,10,5524,3360,10,0.001
5,181920,171,GreedyCuadrantes,Simulated Annealing,true,true,true,false,20001,true,true,Basica,-67052.0,-90622.0,11048.0,6408.0,78100.0,97030.0,80,99,10,10,5524,3204,10,0.01
5,181920,71,GreedyCuadrantes,Simulated Annealing,true,true,true,false,7501,true,true,Basica,-67052.0,-90914.0,11048.0,7056.0,78100.0,97970.0,80,100,10,10,5524,3528,10,0.1
5,181920,184,GreedyCuadrantes,Simulated Annealing,true,true,true,false,20001,true,true,Basica,-67052.0,-91360.0,11048.0,6660.0,78100.0,98020.0,80,100,10,10,5524,3330,20,1.0E-4
5,181920,187,GreedyCuadrantes,Simulated Annealing,true,true,true,false,20001,true,true,Basica,-67052.0,-90474.0,11048.0,6576.0,78100.0,97050.0,80,99,10,10,5524,3288,20,0.001
5,181920,177,GreedyCuadrantes,Simulated Annealing,true,true,true,false,20001,true,true,Basica,-67052.0,-89602.0,11048.0,6528.0,78100.0,96130.0,80,98,10,10,5524,3264,20,0.01
5,181920,70,GreedyCuadrantes,Simulated Annealing,true,true,true,false,7501,true,true,Basica,-67052.0,-88858.0,11048.0,6992.0,78100.0,95850.0,80,98,10,10,5524,3496,20,0.1
5,181920,175,GreedyCuadrantes,Simulated Annealing,true,true,true,false,20001,true,true,Basica,-67052.0,-87656.0,11048.0,6364.0,78100.0,94020.0,80,96,10,10,5524,3182,25,1.0E-4
5,181920,179,GreedyCuadrantes,Simulated Annealing,true,true,true,false,20001,true,true,Basica,-67052.0,-90122.0,11048.0,6788.0,78100.0,96910.0,80,99,10,10,5524,3394,25,0.001
5,181920,172,GreedyCuadrantes,Simulated Annealing,true,true,true,false,20001,true,true,Basica,-67052.0,-88614.0,11048.0,6436.0,78100.0,95050.0,80,97,10,10,5524,3218,25,0.01
5,181920,69,GreedyCuadrantes,Simulated Annealing,true,true,true,false,7501,true,true,Basica,-67052.0,-90052.0,11048.0,6848.0,78100.0,96900.0,80,99,10,10,5524,3424,25,0.1
6,2134565223,166,GreedyCuadrantes,Simulated Annealing,true,true,true,false,20001,true,true,Basica,-74640.0,-91970.0,10640.0,5320.0,85280.0,97290.0,87,99,10,10,5320,2660,5,1.0E-4
6,2134565223,170,GreedyCuadrantes,Simulated Annealing,true,true,true,false,20001,true,true,Basica,-74640.0,-93008.0,10640.0,5372.0,85280.0,98380.0,87,100,10,10,5320,2686,5,0.001
6,2134565223,162,GreedyCuadrantes,Simulated Annealing,true,true,true,false,20001,true,true,Basica,-74640.0,-93060.0,10640.0,5240.0,85280.0,98300.0,87,100,10,10,5320,2620,5,0.01
6,2134565223,65,GreedyCuadrantes,Simulated Annealing,true,true,true,false,7501,true,true,Basica,-74640.0,-92234.0,10640.0,6116.0,85280.0,98350.0,87,100,10,10,5320,3058,5,0.1
6,2134565223,162,GreedyCuadrantes,Simulated Annealing,true,true,true,false,20001,true,true,Basica,-74640.0,-92938.0,10640.0,5452.0,85280.0,98390.0,87,100,10,10,5320,2726,10,1.0E-4
6,2134565223,163,GreedyCuadrantes,Simulated Annealing,true,true,true,false,20001,true,true,Basica,-74640.0,-91930.0,10640.0,5420.0,85280.0,97350.0,87,99,10,10,5320,2710,10,0.001
6,2134565223,162,GreedyCuadrantes,Simulated Annealing,true,true,true,false,20001,true,true,Basica,-74640.0,-92948.0,10640.0,5532.0,85280.0,98480.0,87,100,10,10,5320,2766,10,0.01
6,2134565223,64,GreedyCuadrantes,Simulated Annealing,true,true,true,false,7501,true,true,Basica,-74640.0,-91174.0,10640.0,5996.0,85280.0,97170.0,87,99,10,10,5320,2998,10,0.1
6,2134565223,165,GreedyCuadrantes,Simulated Annealing,true,true,true,false,20001,true,true,Basica,-74640.0,-92084.0,10640.0,5356.0,85280.0,97440.0,87,99,10,10,5320,2678,20,1.0E-4
6,2134565223,166,GreedyCuadrantes,Simulated Annealing,true,true,true,false,20001,true,true,Basica,-74640.0,-91986.0,10640.0,5364.0,85280.0,97350.0,87,99,10,10,5320,2682,20,0.001
6,2134565223,164,GreedyCuadrantes,Simulated Annealing,true,true,true,false,20001,true,true,Basica,-74640.0,-91204.0,10640.0,5216.0,85280.0,96420.0,87,98,10,10,5320,2608,20,0.01
6,2134565223,63,GreedyCuadrantes,Simulated Annealing,true,true,true,false,7501,true,true,Basica,-74640.0,-91242.0,10640.0,6168.0,85280.0,97410.0,87,99,10,10,5320,3084,20,0.1
6,2134565223,165,GreedyCuadrantes,Simulated Annealing,true,true,true,false,20001,true,true,Basica,-74640.0,-91886.0,10640.0,5544.0,85280.0,97430.0,87,99,10,10,5320,2772,25,1.0E-4
6,2134565223,165,GreedyCuadrantes,Simulated Annealing,true,true,true,false,20001,true,true,Basica,-74640.0,-92974.0,10640.0,5376.0,85280.0,98350.0,87,100,10,10,5320,2688,25,0.001
6,2134565223,164,GreedyCuadrantes,Simulated Annealing,true,true,true,false,20001,true,true,Basica,-74640.0,-92176.0,10640.0,5184.0,85280.0,97360.0,87,99,10,10,5320,2592,25,0.01
6,2134565223,63,GreedyCuadrantes,Simulated Annealing,true,true,true,false,7501,true,true,Basica,-74640.0,-91486.0,10640.0,5944.0,85280.0,97430.0,87,99,10,10,5320,2972,25,0.1
7,242526,167,GreedyCuadrantes,Simulated Annealing,true,true,true,false,20001,true,true,Basica,-72508.0,-90068.0,10752.0,5372.0,83260.0,95440.0,85,97,10,10,5376,2686,5,1.0E-4
7,242526,172,GreedyCuadrantes,Simulated Annealing,true,true,true,false,20001,true,true,Basica,-72508.0,-91214.0,10752.0,5256.0,83260.0,96470.0,85,98,10,10,5376,2628,5,0.001
7,242526,168,GreedyCuadrantes,Simulated Annealing,true,true,true,false,20001,true,true,Basica,-72508.0,-90992.0,10752.0,5288.0,83260.0,96280.0,85,98,10,10,5376,2644,5,0.01
7,242526,66,GreedyCuadrantes,Simulated Annealing,true,true,true,false,7501,true,true,Basica,-72508.0,-92194.0,10752.0,6096.0,83260.0,98290.0,85,100,10,10,5376,3048,5,0.1
7,242526,171,GreedyCuadrantes,Simulated Annealing,true,true,true,false,20001,true,true,Basica,-72508.0,-91876.0,10752.0,5424.0,83260.0,97300.0,85,99,10,10,5376,2712,10,1.0E-4
7,242526,170,GreedyCuadrantes,Simulated Annealing,true,true,true,false,20001,true,true,Basica,-72508.0,-89954.0,10752.0,5376.0,83260.0,95330.0,85,97,10,10,5376,2688,10,0.001
7,242526,169,GreedyCuadrantes,Simulated Annealing,true,true,true,false,20001,true,true,Basica,-72508.0,-92906.0,10752.0,5444.0,83260.0,98350.0,85,100,10,10,5376,2722,10,0.01
7,242526,64,GreedyCuadrantes,Simulated Annealing,true,true,true,false,7501,true,true,Basica,-72508.0,-90558.0,10752.0,5772.0,83260.0,96330.0,85,98,10,10,5376,2886,10,0.1
7,242526,172,GreedyCuadrantes,Simulated Annealing,true,true,true,false,20001,true,true,Basica,-72508.0,-92932.0,10752.0,5428.0,83260.0,98360.0,85,100,10,10,5376,2714,20,1.0E-4
7,242526,169,GreedyCuadrantes,Simulated Annealing,true,true,true,false,20001,true,true,Basica,-72508.0,-91026.0,10752.0,5484.0,83260.0,96510.0,85,98,10,10,5376,2742,20,0.001
7,242526,167,GreedyCuadrantes,Simulated Annealing,true,true,true,false,20001,true,true,Basica,-72508.0,-91930.0,10752.0,5400.0,83260.0,97330.0,85,99,10,10,5376,2700,20,0.01
7,242526,67,GreedyCuadrantes,Simulated Annealing,true,true,true,false,7501,true,true,Basica,-72508.0,-90260.0,10752.0,6080.0,83260.0,96340.0,85,98,10,10,5376,3040,20,0.1
7,242526,173,GreedyCuadrantes,Simulated Annealing,true,true,true,false,20001,true,true,Basica,-72508.0,-91830.0,10752.0,5440.0,83260.0,97270.0,85,99,10,10,5376,2720,25,1.0E-4
7,242526,170,GreedyCuadrantes,Simulated Annealing,true,true,true,false,20001,true,true,Basica,-72508.0,-90852.0,10752.0,5528.0,83260.0,96380.0,85,98,10,10,5376,2764,25,0.001
7,242526,170,GreedyCuadrantes,Simulated Annealing,true,true,true,false,20001,true,true,Basica,-72508.0,-91772.0,10752.0,5428.0,83260.0,97200.0,85,99,10,10,5376,2714,25,0.01
7,242526,67,GreedyCuadrantes,Simulated Annealing,true,true,true,false,7501,true,true,Basica,-72508.0,-91042.0,10752.0,6328.0,83260.0,97370.0,85,99,10,10,5376,3164,25,0.1
8,669610,176,GreedyCuadrantes,Simulated Annealing,true,true,true,false,20001,true,true,Basica,-69452.0,-91542.0,10628.0,4628.0,80080.0,96170.0,82,98,10,10,5314,2314,5,1.0E-4
8,669610,175,GreedyCuadrantes,Simulated Annealing,true,true,true,false,20001,true,true,Basica,-69452.0,-93348.0,10628.0,4812.0,80080.0,98160.0,82,100,10,10,5314,2406,5,0.001
8,669610,171,GreedyCuadrantes,Simulated Annealing,true,true,true,false,20001,true,true,Basica,-69452.0,-93224.0,10628.0,5036.0,80080.0,98260.0,82,100,10,10,5314,2518,5,0.01
8,669610,70,GreedyCuadrantes,Simulated Annealing,true,true,true,false,7501,true,true,Basica,-69452.0,-91602.0,10628.0,5608.0,80080.0,97210.0,82,99,10,10,5314,2804,5,0.1
8,669610,186,GreedyCuadrantes,Simulated Annealing,true,true,true,false,20001,true,true,Basica,-69452.0,-93204.0,10628.0,4916.0,80080.0,98120.0,82,100,10,10,5314,2458,10,1.0E-4
8,669610,181,GreedyCuadrantes,Simulated Annealing,true,true,true,false,20001,true,true,Basica,-69452.0,-91488.0,10628.0,4732.0,80080.0,96220.0,82,98,10,10,5314,2366,10,0.001
8,669610,173,GreedyCuadrantes,Simulated Annealing,true,true,true,false,20001,true,true,Basica,-69452.0,-92482.0,10628.0,4648.0,80080.0,97130.0,82,99,10,10,5314,2324,10,0.01
8,669610,67,GreedyCuadrantes,Simulated Annealing,true,true,true,false,7501,true,true,Basica,-69452.0,-90818.0,10628.0,5212.0,80080.0,96030.0,82,98,10,10,5314,2606,10,0.1
8,669610,178,GreedyCuadrantes,Simulated Annealing,true,true,true,false,20001,true,true,Basica,-69452.0,-92570.0,10628.0,4600.0,80080.0,97170.0,82,99,10,10,5314,2300,20,1.0E-4
8,669610,172,GreedyCuadrantes,Simulated Annealing,true,true,true,false,20001,true,true,Basica,-69452.0,-93412.0,10628.0,4708.0,80080.0,98120.0,82,100,10,10,5314,2354,20,0.001
8,669610,174,GreedyCuadrantes,Simulated Annealing,true,true,true,false,20001,true,true,Basica,-69452.0,-93610.0,10628.0,4600.0,80080.0,98210.0,82,100,10,10,5314,2300,20,0.01
8,669610,70,GreedyCuadrantes,Simulated Annealing,true,true,true,false,7501,true,true,Basica,-69452.0,-92676.0,10628.0,5444.0,80080.0,98120.0,82,100,10,10,5314,2722,20,0.1
8,669610,170,GreedyCuadrantes,Simulated Annealing,true,true,true,false,20001,true,true,Basica,-69452.0,-92554.0,10628.0,4636.0,80080.0,97190.0,82,99,10,10,5314,2318,25,1.0E-4
8,669610,168,GreedyCuadrantes,Simulated Annealing,true,true,true,false,20001,true,true,Basica,-69452.0,-89888.0,10628.0,4552.0,80080.0,94440.0,82,96,10,10,5314,2276,25,0.001
8,669610,172,GreedyCuadrantes,Simulated Annealing,true,true,true,false,20001,true,true,Basica,-69452.0,-92610.0,10628.0,4780.0,80080.0,97390.0,82,99,10,10,5314,2390,25,0.01
8,669610,67,GreedyCuadrantes,Simulated Annealing,true,true,true,false,7501,true,true,Basica,-69452.0,-92728.0,10628.0,5292.0,80080.0,98020.0,82,100,10,10,5314,2646,25,0.1
9,303132,162,GreedyCuadrantes,Simulated Annealing,true,true,true,false,20001,true,true,Basica,-71230.0,-92968.0,10020.0,5292.0,81250.0,98260.0,83,100,10,10,5010,2646,5,1.0E-4
9,303132,169,GreedyCuadrantes,Simulated Annealing,true,true,true,false,20001,true,true,Basica,-71230.0,-93092.0,10020.0,5088.0,81250.0,98180.0,83,100,10,10,5010,2544,5,0.001
9,303132,157,GreedyCuadrantes,Simulated Annealing,true,true,true,false,20001,true,true,Basica,-71230.0,-91908.0,10020.0,5192.0,81250.0,97100.0,83,99,10,10,5010,2596,5,0.01
9,303132,64,GreedyCuadrantes,Simulated Annealing,true,true,true,false,7501,true,true,Basica,-71230.0,-92412.0,10020.0,5668.0,81250.0,98080.0,83,100,10,10,5010,2834,5,0.1
9,303132,163,GreedyCuadrantes,Simulated Annealing,true,true,true,false,20001,true,true,Basica,-71230.0,-92074.0,10020.0,5056.0,81250.0,97130.0,83,99,10,10,5010,2528,10,1.0E-4
9,303132,160,GreedyCuadrantes,Simulated Annealing,true,true,true,false,20001,true,true,Basica,-71230.0,-92940.0,10020.0,5220.0,81250.0,98160.0,83,100,10,10,5010,2610,10,0.001
9,303132,159,GreedyCuadrantes,Simulated Annealing,true,true,true,false,20001,true,true,Basica,-71230.0,-92152.0,10020.0,5188.0,81250.0,97340.0,83,99,10,10,5010,2594,10,0.01
9,303132,62,GreedyCuadrantes,Simulated Annealing,true,true,true,false,7501,true,true,Basica,-71230.0,-91584.0,10020.0,5676.0,81250.0,97260.0,83,99,10,10,5010,2838,10,0.1
9,303132,167,GreedyCuadrantes,Simulated Annealing,true,true,true,false,20001,true,true,Basica,-71230.0,-92910.0,10020.0,5220.0,81250.0,98130.0,83,100,10,10,5010,2610,20,1.0E-4
9,303132,162,GreedyCuadrantes,Simulated Annealing,true,true,true,false,20001,true,true,Basica,-71230.0,-92004.0,10020.0,5276.0,81250.0,97280.0,83,99,10,10,5010,2638,20,0.001
9,303132,164,GreedyCuadrantes,Simulated Annealing,true,true,true,false,20001,true,true,Basica,-71230.0,-93096.0,10020.0,5284.0,81250.0,98380.0,83,100,10,10,5010,2642,20,0.01
9,303132,60,GreedyCuadrantes,Simulated Annealing,true,true,true,false,7501,true,true,Basica,-71230.0,-91500.0,10020.0,5640.0,81250.0,97140.0,83,99,10,10,5010,2820,20,0.1
9,303132,167,GreedyCuadrantes,Simulated Annealing,true,true,true,false,20001,true,true,Basica,-71230.0,-92098.0,10020.0,5112.0,81250.0,97210.0,83,99,10,10,5010,2556,25,1.0E-4
9,303132,159,GreedyCuadrantes,Simulated Annealing,true,true,true,false,20001,true,true,Basica,-71230.0,-91106.0,10020.0,5124.0,81250.0,96230.0,83,98,10,10,5010,2562,25,0.001
9,303132,156,GreedyCuadrantes,Simulated Annealing,true,true,true,false,20001,true,true,Basica,-71230.0,-91086.0,10020.0,5144.0,81250.0,96230.0,83,98,10,10,5010,2572,25,0.01
9,303132,60,GreedyCuadrantes,Simulated Annealing,true,true,true,false,7501,true,true,Basica,-71230.0,-92622.0,10020.0,5588.0,81250.0,98210.0,83,100,10,10,5010,2794,25,0.1
